app_ts,sensor_ts,pitch,roll,yaw,rotVecX,rotVecY,rotVecZ,accuracy
0.021,1471038.975,40.6786,0.6285,24.6127,0.33849,0.07911,0.20171,3
0.021,1471038.995,40.7861,0.58,24.6645,0.3394,0.07906,0.20191,3
0.041,1471039.015,40.835,0.3552,24.6964,0.34016,0.07744,0.20147,3
0.078,1471039.035,40.859,-0.028,24.7388,0.341,0.07455,0.20066,3
0.078,1471039.055,40.8899,-0.4125,24.7635,0.3419,0.0716,0.19969,3
0.098,1471039.075,40.9514,-0.6797,24.761,0.34286,0.06957,0.19883,3
0.118,1471039.094,41.0478,-0.8233,24.771,0.34387,0.06863,0.19841,3
0.138,1471039.114,41.169,-0.8801,24.8056,0.34492,0.06849,0.19843,3
0.158,1471039.134,41.2788,-0.9082,24.8674,0.3458,0.06865,0.19876,3
0.177,1471039.154,41.3529,-0.9552,24.9387,0.34643,0.06862,0.19913,3
0.197,1471039.174,41.3897,-1.0648,25.0262,0.34686,0.06808,0.19947,3
0.217,1471039.194,41.393,-1.2,25.1064,0.34708,0.06725,0.1997,3
0.238,1471039.214,41.3587,-1.3308,25.168,0.347,0.06633,0.19982,3
0.262,1471039.233,41.3157,-1.449,25.2136,0.34684,0.06545,0.19986,3
0.278,1471039.253,41.2903,-1.5696,25.2617,0.34682,0.06458,0.19989,3
0.297,1471039.273,41.2958,-1.6671,25.3017,0.34701,0.06394,0.19991,3
0.317,1471039.293,41.3212,-1.7432,25.3362,0.34732,0.06348,0.19994,3
0.336,1471039.313,41.3508,-1.823,25.3645,0.34768,0.06299,0.1999,3
0.36,1471039.333,41.3733,-1.8839,25.3797,0.34796,0.06259,0.19982,3
0.377,1471039.353,41.3899,-1.936,25.4082,0.34817,0.06229,0.19987,3
0.396,1471039.372,41.3883,-1.9759,25.4436,0.34821,0.06208,0.20004,3
0.416,1471039.392,41.3726,-2.0123,25.4686,0.34813,0.06183,0.20014,3
0.437,1471039.412,41.3406,-2.0474,25.4791,0.34793,0.06152,0.20014,3
0.456,1471039.432,41.2865,-2.0884,25.488,0.34757,0.06112,0.20013,3
0.475,1471039.452,41.2005,-2.1354,25.5007,0.34696,0.06063,0.20016,3
0.495,1471039.472,41.0625,-2.2225,25.5204,0.346,0.05974,0.20017,3
0.516,1471039.491,40.8782,-2.3542,25.5439,0.34475,0.05841,0.20011,3
0.535,1471039.511,40.6631,-2.5076,25.5668,0.3433,0.05685,0.20002,3
0.555,1471039.531,40.4284,-2.6476,25.5841,0.34166,0.05534,0.19994,3
0.575,1471039.551,40.2053,-2.7625,25.5923,0.34008,0.05403,0.19985,3
0.594,1471039.571,40.0089,-2.8414,25.5858,0.33866,0.05301,0.19973,3
0.615,1471039.591,39.8562,-2.8867,25.5737,0.33752,0.05232,0.19963,3
0.634,1471039.611,39.744,-2.8914,25.5634,0.33664,0.05204,0.19963,3
0.654,1471039.63,39.6601,-2.8815,25.5709,0.33595,0.05198,0.19979,3
0.674,1471039.65,39.587,-2.8761,25.5797,0.33535,0.05191,0.19994,3
0.694,1471039.67,39.4903,-2.9022,25.5808,0.33463,0.05153,0.19996,3
0.714,1471039.69,39.3449,-2.9678,25.5703,0.33358,0.05069,0.19981,3
0.733,1471039.71,39.1587,-3.0539,25.5483,0.33225,0.04958,0.19954,3
0.753,1471039.73,38.9646,-3.1308,25.5267,0.33084,0.04854,0.19931,3
0.777,1471039.75,38.7842,-3.194,25.5034,0.32952,0.04762,0.1991,3
0.793,1471039.769,38.6421,-3.2316,25.4764,0.32846,0.04697,0.1989,3
0.813,1471039.789,38.5278,-3.2482,25.4465,0.32758,0.04654,0.19871,3
0.833,1471039.809,38.439,-3.259,25.4237,0.3269,0.04622,0.19857,3
0.852,1471039.829,38.3801,-3.3003,25.4207,0.3265,0.04576,0.19848,3
0.872,1471039.849,38.3298,-3.3281,25.4301,0.32614,0.04547,0.19852,3
0.892,1471039.869,38.2832,-3.3567,25.4505,0.32581,0.04521,0.19864,3
0.912,1471039.889,38.2325,-3.381,25.4625,0.32544,0.04495,0.19871,3
0.933,1471039.908,38.177,-3.4142,25.4641,0.32505,0.04458,0.19868,3
0.952,1471039.928,38.1413,-3.4242,25.4527,0.32479,0.0444,0.19859,3
0.972,1471039.948,38.1187,-3.4234,25.4414,0.32461,0.04433,0.19852,3
0.991,1471039.968,38.0978,-3.3948,25.4205,0.3244,0.04447,0.19845,3
1.011,1471039.988,38.0704,-3.3635,25.4054,0.32413,0.04462,0.19844,3
1.031,1471040.008,38.0262,-3.3526,25.3966,0.32376,0.0446,0.19844,3
1.053,1471040.028,37.9705,-3.3709,25.3925,0.32335,0.04434,0.1984,3
1.071,1471040.047,37.9268,-3.4067,25.3863,0.32306,0.04395,0.19829,3
1.091,1471040.067,37.8985,-3.4183,25.3679,0.32286,0.04375,0.19813,3
1.111,1471040.087,37.8778,-3.3934,25.3513,0.32266,0.04386,0.19809,3
1.131,1471040.107,37.856,-3.3464,25.3397,0.3224,0.04417,0.19814,3
1.151,1471040.127,37.835,-3.2958,25.3192,0.32216,0.04448,0.19814,3
1.17,1471040.147,37.8251,-3.2943,25.3049,0.32208,0.04443,0.19804,3
1.191,1471040.166,37.8248,-3.3308,25.3103,0.32214,0.04415,0.19798,3
1.21,1471040.186,37.8209,-3.3446,25.319,0.32213,0.04406,0.19801,3
1.23,1471040.206,37.8107,-3.3357,25.3231,0.32203,0.04412,0.19808,3
1.25,1471040.226,37.7897,-3.3318,25.325,0.32185,0.04412,0.19812,3
1.269,1471040.246,37.7626,-3.356,25.3268,0.32168,0.04388,0.19809,3
1.29,1471040.266,37.729,-3.3663,25.3212,0.32143,0.04372,0.19805,3
1.309,1471040.286,37.6893,-3.3405,25.3078,0.32107,0.04381,0.19805,3
1.329,1471040.305,37.6452,-3.2931,25.2778,0.32064,0.04403,0.19797,3
1.349,1471040.325,37.5982,-3.2507,25.2292,0.32021,0.04415,0.19774,3
1.369,1471040.345,37.5435,-3.1843,25.163,0.31968,0.04439,0.19744,3
1.388,1471040.365,37.4996,-3.0959,25.1018,0.3192,0.04486,0.19722,3
1.409,1471040.385,37.4816,-2.9888,25.0584,0.31889,0.04557,0.19719,3
1.432,1471040.405,37.4815,-2.8762,25.0265,0.3187,0.04639,0.19724,3
1.456,1471040.425,37.4764,-2.7838,25.0058,0.31851,0.04707,0.19734,3
1.468,1471040.444,37.4558,-2.7143,24.9842,0.31824,0.04753,0.19737,3
1.488,1471040.464,37.4264,-2.6689,24.9765,0.31793,0.04782,0.19746,3
1.508,1471040.484,37.4048,-2.6405,24.9674,0.31771,0.04799,0.19748,3
1.528,1471040.504,37.3922,-2.6086,24.9552,0.31756,0.04819,0.19748,3
1.547,1471040.524,37.3776,-2.5709,24.9325,0.31738,0.0484,0.19741,3
1.568,1471040.544,37.3481,-2.5273,24.9014,0.31708,0.04861,0.1973,3
1.587,1471040.564,37.2952,-2.5027,24.8676,0.31663,0.04862,0.19714,3
1.607,1471040.583,37.2363,-2.4978,24.8353,0.31616,0.04846,0.19694,3
1.628,1471040.603,37.1852,-2.5043,24.7962,0.31577,0.04821,0.19664,3
1.647,1471040.623,37.1452,-2.489,24.7582,0.31544,0.04816,0.19641,3
1.666,1471040.643,37.1148,-2.4484,24.7193,0.31514,0.04832,0.19623,3
1.686,1471040.663,37.0937,-2.4137,24.6792,0.31493,0.04845,0.19602,3
1.706,1471040.683,37.0744,-2.3919,24.6426,0.31475,0.04849,0.1958,3
1.726,1471040.703,37.0403,-2.4006,24.6029,0.31451,0.04825,0.19548,3
1.746,1471040.722,37.0023,-2.4051,24.5535,0.31423,0.04801,0.19509,3
1.766,1471040.742,36.9805,-2.3799,24.4951,0.31404,0.04802,0.1947,3
1.786,1471040.762,36.9922,-2.2992,24.4354,0.31402,0.04853,0.19443,3
1.806,1471040.782,37.0355,-2.1816,24.3748,0.3142,0.04939,0.19423,3
1.831,1471040.802,37.0995,-2.0514,24.3251,0.31451,0.05043,0.19414,3
1.846,1471040.822,37.1816,-1.8972,24.2728,0.31494,0.05168,0.19408,3
1.865,1471040.841,37.2773,-1.679,24.1953,0.31538,0.0534,0.19399,3
1.885,1471040.861,37.3924,-1.3818,24.0963,0.31585,0.05573,0.19392,3
1.905,1471040.881,37.54,-1.0072,23.9992,0.31646,0.05875,0.19407,3
1.925,1471040.901,37.7453,-0.5912,23.9097,0.31746,0.06223,0.19437,3
1.945,1471040.921,38.0014,-0.1814,23.8285,0.31887,0.06575,0.19469,3
1.965,1471040.941,38.2603,0.1503,23.7618,0.32044,0.06868,0.19493,3
1.985,1471040.961,38.4768,0.3957,23.6976,0.32181,0.07085,0.19498,3
2.004,1471040.98,38.6328,0.594,23.6274,0.32277,0.07251,0.19488,3
2.065,1471041.0,38.7338,0.7,23.5735,0.32344,0.07338,0.19469,3
2.074,1471041.02,38.792,0.7112,23.5414,0.32391,0.07348,0.19443,3
2.075,1471041.04,38.8136,0.7198,23.5045,0.3241,0.07348,0.19415,3
2.087,1471041.06,38.8398,0.7665,23.4489,0.32426,0.07374,0.19382,3
2.104,1471041.08,38.8912,0.8318,23.3724,0.32462,0.07413,0.19336,3
2.123,1471041.1,38.9667,0.9053,23.2912,0.32515,0.07462,0.19287,3
2.143,1471041.119,39.0391,0.9658,23.2272,0.32568,0.07504,0.19249,3
2.164,1471041.139,39.0789,0.9632,23.1984,0.32602,0.07501,0.19223,3
2.183,1471041.159,39.082,0.919,23.1705,0.32614,0.07457,0.19188,3
2.204,1471041.179,39.0679,0.899,23.1227,0.32609,0.07425,0.19145,3
2.223,1471041.199,39.0658,0.9179,23.0815,0.32607,0.07429,0.19117,3
2.242,1471041.219,39.0846,0.9356,23.0695,0.3262,0.07442,0.19111,3
2.262,1471041.239,39.0881,0.9294,23.0684,0.32624,0.07438,0.19108,3
2.282,1471041.258,39.0572,0.8567,23.0622,0.32611,0.07372,0.19084,3
2.302,1471041.278,39.0033,0.7162,23.0572,0.32592,0.07249,0.19043,3
2.326,1471041.298,38.9533,0.5124,23.0632,0.32585,0.07078,0.18993,3
2.343,1471041.318,38.9077,0.2979,23.0914,0.32582,0.06906,0.18957,3
2.364,1471041.338,38.8486,0.0501,23.1301,0.32573,0.06708,0.18921,3
2.385,1471041.358,38.7785,-0.2006,23.1749,0.32555,0.06507,0.1889,3
2.402,1471041.377,38.7213,-0.4166,23.2194,0.32542,0.06335,0.18868,3
2.429,1471041.397,38.6879,-0.5728,23.2424,0.32539,0.0621,0.18844,3
2.445,1471041.417,38.6627,-0.653,23.2358,0.32533,0.0614,0.18818,3
2.461,1471041.437,38.6527,-0.6495,23.1816,0.32527,0.06125,0.18776,3
2.483,1471041.457,38.6505,-0.5873,23.0977,0.32519,0.06151,0.18726,3
2.501,1471041.477,38.639,-0.4962,23.0106,0.325,0.06198,0.18682,3
2.522,1471041.497,38.6106,-0.407,22.9442,0.32466,0.06247,0.18655,3
2.541,1471041.516,38.5687,-0.3213,22.8907,0.32421,0.06294,0.18639,3
2.562,1471041.536,38.5206,-0.2665,22.8453,0.32376,0.06318,0.18621,3
2.58,1471041.556,38.4812,-0.2313,22.8067,0.32341,0.06329,0.18602,3
2.601,1471041.576,38.4676,-0.1971,22.7592,0.32327,0.06341,0.18574,3
2.621,1471041.596,38.4646,-0.1746,22.7252,0.32323,0.06349,0.18553,3
2.64,1471041.616,38.4662,-0.1637,22.7058,0.32323,0.06352,0.1854,3
2.659,1471041.636,38.4781,-0.1721,22.6911,0.32335,0.06343,0.18525,3
2.68,1471041.655,38.4927,-0.199,22.6807,0.32352,0.06321,0.18508,3
2.7,1471041.675,38.5091,-0.2355,22.6716,0.32371,0.06292,0.1849,3
2.719,1471041.695,38.5259,-0.2659,22.6606,0.3239,0.06267,0.18472,3
2.74,1471041.715,38.5454,-0.2785,22.6532,0.32409,0.06258,0.18461,3
2.759,1471041.735,38.5602,-0.3063,22.6607,0.32425,0.0624,0.18458,3
2.779,1471041.755,38.5584,-0.3494,22.6819,0.32429,0.06211,0.18463,3
2.798,1471041.775,38.5465,-0.3921,22.7067,0.32425,0.06181,0.18472,3
2.819,1471041.794,38.5356,-0.4376,22.7298,0.32422,0.06149,0.18478,3
2.838,1471041.814,38.5235,-0.4437,22.7522,0.32412,0.06148,0.18495,3
2.858,1471041.834,38.5046,-0.427,22.7692,0.32393,0.06164,0.18515,3
2.878,1471041.854,38.4711,-0.4227,22.7908,0.32364,0.06168,0.18536,3
2.898,1471041.874,38.426,-0.4255,22.8214,0.32327,0.06167,0.18562,3
2.917,1471041.894,38.3876,-0.4371,22.8547,0.32296,0.0616,0.18588,3
2.937,1471041.914,38.3625,-0.4563,22.8932,0.32277,0.06152,0.18615,3
2.957,1471041.933,38.3533,-0.4887,22.9435,0.32272,0.06138,0.18647,3
2.977,1471041.953,38.359,-0.5403,22.998,0.32282,0.06113,0.18677,3
2.997,1471041.973,38.3616,-0.5994,23.0614,0.3229,0.06083,0.18711,3
3.019,1471041.993,38.3458,-0.6599,23.1325,0.32284,0.06052,0.18752,3
3.037,1471042.013,38.3194,-0.7227,23.2002,0.32269,0.06016,0.18791,3
3.057,1471042.033,38.2921,-0.7953,23.2775,0.32255,0.05974,0.18835,3
3.076,1471042.052,38.278,-0.8818,23.3649,0.32253,0.05927,0.18882,3
3.096,1471042.072,38.2698,-0.9676,23.4514,0.32256,0.0588,0.18928,3
3.116,1471042.092,38.2716,-1.0489,23.5277,0.32267,0.05836,0.18967,3
3.136,1471042.112,38.2782,-1.1209,23.603,0.32281,0.05801,0.19007,3
3.156,1471042.132,38.2775,-1.1828,23.6677,0.32287,0.05769,0.19042,3
3.176,1471042.152,38.2654,-1.2468,23.7303,0.32285,0.05733,0.19075,3
3.195,1471042.172,38.2507,-1.2946,23.7836,0.32278,0.05706,0.19106,3
3.215,1471042.191,38.2376,-1.3255,23.8329,0.32271,0.05693,0.19138,3
3.235,1471042.211,38.2331,-1.3473,23.8846,0.32268,0.05689,0.19173,3
3.255,1471042.231,38.2349,-1.3943,23.9411,0.32274,0.05668,0.19206,3
3.275,1471042.251,38.2323,-1.4594,23.9971,0.32281,0.0563,0.19233,3
3.295,1471042.271,38.2308,-1.5316,24.0521,0.32289,0.05587,0.19257,3
3.315,1471042.291,38.2365,-1.5726,24.1005,0.32298,0.05569,0.19284,3
3.335,1471042.311,38.2509,-1.6072,24.1507,0.32313,0.05558,0.19314,3
3.354,1471042.33,38.264,-1.6423,24.2057,0.32327,0.05547,0.19347,3
3.377,1471042.35,38.2685,-1.6875,24.2488,0.32336,0.05524,0.19369,3
3.394,1471042.37,38.2694,-1.7486,24.2836,0.32345,0.05484,0.1938,3
3.414,1471042.39,38.2667,-1.8069,24.3182,0.32351,0.05447,0.19391,3
3.44,1471042.41,38.2632,-1.8545,24.3562,0.32355,0.05418,0.19409,3
3.453,1471042.43,38.2341,-1.9365,24.397,0.32343,0.05359,0.19421,3
3.474,1471042.45,38.2086,-1.9887,24.4194,0.32331,0.05318,0.19426,3
3.493,1471042.469,38.2086,-2.0424,24.458,0.32338,0.05286,0.19442,3
3.513,1471042.489,38.2311,-2.0854,24.4931,0.32362,0.05265,0.19457,3
3.533,1471042.509,38.2497,-2.1132,24.5242,0.3238,0.05255,0.19472,3
3.553,1471042.529,38.2502,-2.1286,24.5526,0.32382,0.0525,0.19491,3
3.573,1471042.549,38.245,-2.1238,24.5747,0.32376,0.0526,0.19511,3
3.593,1471042.569,38.2493,-2.1202,24.5913,0.32378,0.05268,0.19525,3
3.612,1471042.589,38.2596,-2.0943,24.6067,0.32381,0.05295,0.19544,3
3.632,1471042.608,38.274,-2.056,24.621,0.32385,0.05333,0.19565,3
3.652,1471042.628,38.2866,-2.0397,24.6359,0.32392,0.05352,0.1958,3
3.672,1471042.648,38.3014,-2.0538,24.6537,0.32405,0.05348,0.1959,3
3.692,1471042.668,38.3156,-2.0713,24.6673,0.32419,0.05341,0.19595,3
3.713,1471042.688,38.3325,-2.0663,24.6787,0.32431,0.05351,0.19604,3
3.731,1471042.708,38.3499,-2.0385,24.6875,0.3244,0.05379,0.19618,3
3.751,1471042.727,38.3648,-2.0234,24.7032,0.32449,0.05398,0.19634,3
3.771,1471042.747,38.3709,-2.0188,24.7175,0.32452,0.05407,0.19646,3
3.791,1471042.767,38.3797,-2.0301,24.7361,0.3246,0.05405,0.19657,3
3.811,1471042.787,38.3942,-2.0548,24.7584,0.32475,0.05394,0.19667,3
3.83,1471042.807,38.4113,-2.0649,24.7734,0.3249,0.05393,0.19675,3
3.851,1471042.827,38.4244,-2.0679,24.7792,0.32501,0.05395,0.19678,3
3.871,1471042.847,38.4418,-2.072,24.7855,0.32515,0.05397,0.1968,3
3.89,1471042.866,38.4598,-2.0709,24.7897,0.32529,0.05402,0.19682,3
3.91,1471042.886,38.4738,-2.0739,24.7911,0.32541,0.05402,0.19682,3
3.93,1471042.906,38.4854,-2.0693,24.7899,0.3255,0.05408,0.19681,3
3.95,1471042.926,38.5103,-2.0637,24.7881,0.32569,0.05416,0.19679,3
3.97,1471042.946,38.5429,-2.0587,24.79,0.32594,0.05427,0.1968,3
3.99,1471042.966,38.5722,-2.0442,24.7829,0.32615,0.05442,0.19676,3
4.009,1471042.986,38.5898,-2.0385,24.7759,0.32629,0.05448,0.19671,3
4.032,1471043.005,38.6069,-2.0529,24.766,0.32645,0.05437,0.19657,3
4.049,1471043.025,38.6293,-2.0732,24.7601,0.32667,0.05423,0.19645,3
4.069,1471043.045,38.651,-2.0857,24.7534,0.32687,0.05415,0.19635,3
4.088,1471043.065,38.6741,-2.0913,24.7328,0.32708,0.05408,0.19614,3
4.109,1471043.085,38.685,-2.0997,24.7236,0.32718,0.05401,0.19604,3
4.128,1471043.105,38.6809,-2.1195,24.7212,0.32718,0.05384,0.19597,3
4.148,1471043.125,38.6705,-2.1199,24.7043,0.32711,0.05376,0.19584,3
4.168,1471043.144,38.6795,-2.1287,24.6901,0.3272,0.05367,0.19569,3
4.188,1471043.164,38.7037,-2.1526,24.6918,0.32744,0.05353,0.19562,3
4.208,1471043.184,38.7273,-2.1553,24.6898,0.32763,0.05354,0.19557,3
4.228,1471043.204,38.7423,-2.1474,24.6748,0.32775,0.05359,0.19546,3
4.247,1471043.224,38.7518,-2.1386,24.6555,0.32782,0.05362,0.19533,3
4.268,1471043.244,38.7607,-2.1438,24.6322,0.32791,0.05353,0.19512,3
4.287,1471043.263,38.7695,-2.1531,24.6192,0.328,0.05343,0.19498,3
4.308,1471043.283,38.7775,-2.1544,24.6132,0.32807,0.05342,0.19492,3
4.327,1471043.303,38.7882,-2.1463,24.6106,0.32814,0.0535,0.19492,3
4.347,1471043.323,38.8051,-2.1332,24.6017,0.32826,0.05361,0.19487,3
4.371,1471043.343,38.823,-2.125,24.6002,0.32839,0.0537,0.19487,3
4.397,1471043.363,38.841,-2.1253,24.6111,0.32853,0.05376,0.19494,3
4.408,1471043.383,38.8551,-2.1352,24.6242,0.32866,0.05375,0.19501,3
4.435,1471043.402,38.8664,-2.144,24.6293,0.32876,0.05371,0.19501,3
4.451,1471043.422,38.884,-2.1619,24.6371,0.32893,0.05362,0.19501,3
4.466,1471043.442,38.9112,-2.1675,24.6431,0.32915,0.05364,0.19502,3
4.486,1471043.462,38.9358,-2.1448,24.642,0.32931,0.05387,0.19506,3
4.505,1471043.482,38.9462,-2.1197,24.6401,0.32935,0.05408,0.19511,3
4.526,1471043.502,38.9491,-2.1116,24.6382,0.32936,0.05415,0.19511,3
4.546,1471043.522,38.9547,-2.1277,24.6433,0.32943,0.05404,0.19511,3
4.565,1471043.541,38.9728,-2.1482,24.6564,0.32961,0.05395,0.19514,3
4.587,1471043.561,39.0042,-2.1591,24.67,0.32987,0.05395,0.19519,3
4.605,1471043.581,39.038,-2.1587,24.6769,0.33014,0.05404,0.19522,3
4.63,1471043.601,39.0589,-2.1615,24.6821,0.33031,0.05407,0.19524,3
4.645,1471043.621,39.059,-2.1672,24.6842,0.33032,0.05403,0.19524,3
4.664,1471043.641,39.047,-2.1638,24.6839,0.33022,0.05404,0.19526,3
4.685,1471043.661,39.0454,-2.1574,24.6849,0.33019,0.05409,0.19528,3
4.704,1471043.68,39.0608,-2.1398,24.692,0.33028,0.05428,0.19538,3
4.724,1471043.7,39.0829,-2.1178,24.7019,0.33042,0.05452,0.19551,3
4.745,1471043.72,39.1,-2.1153,24.7111,0.33055,0.0546,0.19557,3
4.764,1471043.74,39.1101,-2.1434,24.7156,0.33067,0.05441,0.19552,3
4.784,1471043.76,39.1152,-2.1685,24.7237,0.33075,0.05424,0.19551,3
4.804,1471043.78,39.122,-2.1832,24.7293,0.33083,0.05415,0.19551,3
4.823,1471043.8,39.1407,-2.2019,24.7374,0.33101,0.05405,0.1955,3
4.843,1471043.819,39.1779,-2.2189,24.7453,0.33133,0.05401,0.19549,3
4.864,1471043.839,39.2253,-2.2361,24.7572,0.33173,0.05399,0.1955,3
4.887,1471043.859,39.2649,-2.246,24.7652,0.33206,0.05401,0.1955,3
4.904,1471043.879,39.2882,-2.2506,24.7851,0.33225,0.05407,0.19563,3
4.923,1471043.899,39.2882,-2.253,24.821,0.33224,0.05415,0.19591,3
4.943,1471043.919,39.2961,-2.2748,24.8529,0.33232,0.05408,0.1961,3
4.962,1471043.938,39.3146,-2.2982,24.8769,0.3325,0.054,0.19621,3
4.982,1471043.958,39.333,-2.2989,24.8936,0.33264,0.05408,0.19633,3
5.002,1471043.978,39.3434,-2.255,24.9061,0.33264,0.05448,0.19655,3
5.022,1471043.998,39.3586,-2.1814,24.92,0.33263,0.05514,0.19686,3
5.045,1471044.018,39.3758,-2.1435,24.9489,0.33269,0.05556,0.19719,3
5.062,1471044.038,39.399,-2.1454,24.985,0.33286,0.0557,0.19746,3
5.082,1471044.058,39.4298,-2.165,25.0336,0.33312,0.05573,0.19776,3
5.104,1471044.077,39.4754,-2.1767,25.0967,0.33347,0.05591,0.1982,3
5.121,1471044.097,39.525,-2.1809,25.1615,0.33384,0.05615,0.19867,3
5.146,1471044.117,39.5926,-2.2034,25.2317,0.33439,0.0563,0.19911,3
5.162,1471044.137,39.6671,-2.2515,25.3066,0.33503,0.05627,0.19951,3
5.181,1471044.157,39.7379,-2.3063,25.3822,0.33566,0.05619,0.1999,3
5.201,1471044.177,39.8095,-2.3571,25.4476,0.33629,0.05611,0.20022,3
5.221,1471044.197,39.8761,-2.3897,25.4971,0.33685,0.05611,0.20046,3
5.241,1471044.216,39.9245,-2.4074,25.5316,0.33725,0.05616,0.20065,3
5.26,1471044.236,39.941,-2.4086,25.5504,0.33738,0.05624,0.20078,3
5.28,1471044.256,39.9344,-2.3908,25.5528,0.33729,0.05638,0.20086,3
5.3,1471044.276,39.9277,-2.3672,25.5455,0.3372,0.05653,0.20088,3
5.32,1471044.296,39.9292,-2.352,25.5346,0.33719,0.05663,0.20083,3
5.34,1471044.316,39.9318,-2.3538,25.5259,0.33722,0.05659,0.20076,3
5.36,1471044.336,39.9348,-2.354,25.5143,0.33725,0.05656,0.20066,3
5.38,1471044.355,39.9408,-2.3609,25.499,0.33732,0.05647,0.20051,3
5.405,1471044.375,39.9465,-2.3534,25.4818,0.33736,0.05649,0.20039,3
5.427,1471044.395,39.948,-2.3418,25.4737,0.33735,0.05656,0.20036,3
5.469,1471044.415,39.9533,-2.328,25.4682,0.33737,0.05667,0.20035,3
5.471,1471044.435,39.9727,-2.3442,25.4741,0.33755,0.05659,0.20034,3
5.479,1471044.455,40.0008,-2.3761,25.4862,0.33783,0.05643,0.20032,3
5.498,1471044.475,40.0324,-2.4218,25.4995,0.33815,0.05616,0.20026,3
5.52,1471044.494,40.0575,-2.4634,25.5146,0.33842,0.05591,0.20024,3
5.538,1471044.514,40.0648,-2.5032,25.518,0.33855,0.05562,0.20014,3
5.558,1471044.534,40.0585,-2.5255,25.5168,0.33854,0.05543,0.20007,3
5.578,1471044.554,40.0544,-2.5386,25.5175,0.33852,0.05532,0.20004,3
5.6,1471044.574,40.0546,-2.5443,25.5154,0.33854,0.05526,0.20001,3
5.618,1471044.594,40.053,-2.5388,25.5096,0.33852,0.05529,0.19998,3
5.637,1471044.613,40.0321,-2.518,25.5003,0.33832,0.05539,0.19998,3
5.662,1471044.633,39.9892,-2.4955,25.4697,0.33795,0.0554,0.19984,3
5.677,1471044.653,39.9309,-2.4855,25.436,0.33749,0.05527,0.19965,3
5.697,1471044.673,39.8721,-2.4626,25.4154,0.33699,0.05528,0.1996,3
5.717,1471044.693,39.8333,-2.3938,25.3809,0.33657,0.05566,0.19956,3
5.737,1471044.713,39.8228,-2.3231,25.3479,0.33638,0.05611,0.19951,3
5.757,1471044.733,39.8293,-2.2832,25.3422,0.33637,0.05643,0.19957,3
5.776,1471044.752,39.831,-2.2577,25.3534,0.33633,0.05667,0.19974,3
5.801,1471044.772,39.8164,-2.2297,25.3704,0.33616,0.05691,0.19997,3
5.816,1471044.792,39.8102,-2.2487,25.3967,0.33613,0.05683,0.20013,3
5.836,1471044.812,39.8247,-2.2895,25.4247,0.3363,0.05661,0.20022,3
5.856,1471044.832,39.8548,-2.3293,25.4495,0.3366,0.05642,0.20028,3
5.876,1471044.852,39.8963,-2.3404,25.4758,0.33694,0.05649,0.20042,3
5.896,1471044.872,39.9385,-2.3189,25.5024,0.33722,0.05681,0.20066,3
5.92,1471044.891,39.9652,-2.2825,25.5297,0.33736,0.05724,0.20097,3
5.935,1471044.911,39.9734,-2.2483,25.5452,0.33736,0.05757,0.20119,3
5.955,1471044.931,39.9552,-2.2266,25.56,0.33717,0.05775,0.20138,3
5.975,1471044.951,39.9372,-2.1855,25.5747,0.33694,0.05809,0.20164,3
5.994,1471044.971,39.9395,-2.1111,25.5857,0.33682,0.05873,0.20194,3
6.015,1471044.991,39.9702,-1.9977,25.599,0.33686,0.05973,0.20236,3
6.034,1471045.011,40.0159,-1.8459,25.6055,0.33696,0.06105,0.20282,3
6.055,1471045.03,40.0253,-1.7008,25.6141,0.33677,0.06225,0.20331,3
6.076,1471045.05,39.9795,-1.6444,25.6357,0.33629,0.06268,0.20368,3
6.094,1471045.07,39.8891,-1.6309,25.6522,0.33554,0.06267,0.20392,3
6.115,1471045.09,39.7685,-1.6269,25.6632,0.33456,0.06251,0.20412,3
6.133,1471045.11,39.6576,-1.5937,25.6758,0.33361,0.06261,0.2044,3
6.155,1471045.13,39.5889,-1.5725,25.7063,0.333,0.06274,0.20476,3
6.176,1471045.15,39.5552,-1.5631,25.7371,0.3327,0.06284,0.20506,3
6.193,1471045.169,39.5349,-1.5635,25.7634,0.33252,0.06288,0.20528,3
6.213,1471045.189,39.5014,-1.5487,25.7782,0.33222,0.06297,0.20547,3
6.238,1471045.209,39.4452,-1.5304,25.7904,0.33173,0.06305,0.20566,3
6.254,1471045.229,39.393,-1.5549,25.8162,0.33134,0.06283,0.20584,3
6.272,1471045.249,39.3409,-1.559,25.8328,0.33093,0.06275,0.206,3
6.292,1471045.269,39.2997,-1.5243,25.8291,0.33054,0.06294,0.2061,3
6.312,1471045.288,39.2664,-1.4675,25.8141,0.33018,0.06329,0.20617,3
6.333,1471045.308,39.2519,-1.4267,25.8172,0.32998,0.0636,0.20633,3
6.363,1471045.328,39.2355,-1.4004,25.8341,0.3298,0.06383,0.20655,3
6.388,1471045.348,39.205,-1.373,25.8388,0.3295,0.064,0.20669,3
6.395,1471045.368,39.1628,-1.36,25.8389,0.32914,0.06403,0.20676,3
6.411,1471045.388,39.1247,-1.3421,25.8256,0.32881,0.06406,0.20673,3
6.432,1471045.408,39.0957,-1.2957,25.8006,0.32851,0.06431,0.20669,3
6.451,1471045.427,39.071,-1.2331,25.7716,0.32821,0.06468,0.20665,3
6.475,1471045.447,39.0437,-1.1743,25.7628,0.32789,0.06508,0.20677,3
6.496,1471045.467,39.0025,-1.1198,25.7643,0.32746,0.06544,0.20697,3
6.51,1471045.487,38.9682,-1.1061,25.7695,0.32716,0.0655,0.20707,3
6.53,1471045.507,38.9433,-1.1291,25.7769,0.327,0.06529,0.20708,3
6.55,1471045.527,38.9307,-1.1703,25.7883,0.32697,0.06497,0.20707,3
6.57,1471045.547,38.928,-1.1721,25.7949,0.32694,0.06497,0.20712,3
6.59,1471045.566,38.9441,-1.1753,25.8025,0.32707,0.065,0.20716,3
6.61,1471045.586,38.9789,-1.1974,25.8108,0.32739,0.06491,0.20714,3
6.63,1471045.606,39.0104,-1.2074,25.8121,0.32766,0.06489,0.20709,3
6.65,1471045.626,39.0257,-1.1987,25.8081,0.32777,0.06498,0.20708,3
6.669,1471045.646,39.029,-1.1874,25.8031,0.32778,0.06506,0.20707,3
6.689,1471045.666,39.0242,-1.1808,25.8018,0.32773,0.0651,0.20708,3
6.709,1471045.686,39.0209,-1.1821,25.7956,0.32771,0.06507,0.20703,3
6.729,1471045.705,39.009,-1.1683,25.7838,0.32759,0.06512,0.20698,3
6.75,1471045.725,38.9913,-1.1419,25.774,0.32741,0.06527,0.20699,3
6.769,1471045.745,38.9811,-1.1257,25.7736,0.3273,0.06538,0.20704,3
6.788,1471045.765,38.9811,-1.1412,25.7814,0.32732,0.06528,0.20706,3
6.809,1471045.785,38.9819,-1.1716,25.7894,0.32738,0.06506,0.20704,3
6.829,1471045.805,38.9799,-1.214,25.7917,0.32744,0.06472,0.20693,3
6.848,1471045.824,38.9652,-1.2421,25.7816,0.32738,0.06444,0.20678,3
6.868,1471045.844,38.9368,-1.2423,25.7701,0.32715,0.06435,0.20671,3
6.888,1471045.864,38.9114,-1.2585,25.7711,0.32698,0.06418,0.20669,3
6.908,1471045.884,38.8882,-1.297,25.7824,0.32686,0.06386,0.20669,3
6.928,1471045.904,38.8635,-1.334,25.7878,0.32672,0.06353,0.20665,3
6.948,1471045.924,38.8212,-1.344,25.7869,0.3264,0.06337,0.20664,3
6.968,1471045.944,38.7714,-1.3305,25.7758,0.32598,0.06335,0.20663,3
6.987,1471045.963,38.7117,-1.2906,25.7481,0.32545,0.06348,0.20656,3
7.007,1471045.983,38.6417,-1.2226,25.7064,0.32479,0.06378,0.20647,3
7.027,1471046.003,38.56,-1.1556,25.664,0.32404,0.06405,0.20638,3
7.048,1471046.023,38.4667,-1.0944,25.6308,0.3232,0.06427,0.20635,3
7.066,1471046.043,38.3713,-1.0188,25.6077,0.32231,0.06464,0.20645,3
7.086,1471046.063,38.3098,-0.9488,25.6046,0.32169,0.06508,0.20666,3
7.106,1471046.083,38.2896,-0.8982,25.6117,0.32143,0.06547,0.20688,3
7.126,1471046.102,38.2964,-0.8583,25.6136,0.32141,0.06581,0.207,3
7.146,1471046.122,38.2922,-0.8124,25.6039,0.3213,0.06614,0.20705,3
7.166,1471046.142,38.2742,-0.7762,25.5972,0.32109,0.06638,0.20711,3
7.189,1471046.162,38.2626,-0.7628,25.6096,0.32097,0.0665,0.20726,3
7.208,1471046.182,38.2606,-0.7666,25.6337,0.32095,0.06654,0.20744,3
7.225,1471046.202,38.2547,-0.7843,25.6631,0.32092,0.06646,0.20763,3
7.246,1471046.222,38.242,-0.7786,25.678,0.32079,0.06653,0.20778,3
7.265,1471046.241,38.2131,-0.7529,25.6768,0.32052,0.06668,0.20786,3
7.286,1471046.261,38.1639,-0.7101,25.6738,0.32004,0.06692,0.20799,3
7.305,1471046.281,38.1022,-0.6609,25.6649,0.31947,0.06718,0.2081,3
7.325,1471046.301,38.046,-0.6276,25.6482,0.31896,0.0673,0.20809,3
7.345,1471046.321,38.0017,-0.6101,25.6314,0.31858,0.06731,0.20804,3
7.365,1471046.341,37.9631,-0.5833,25.6127,0.31824,0.0674,0.20799,3
7.385,1471046.361,37.9353,-0.5366,25.5866,0.31794,0.06765,0.20793,3
7.404,1471046.38,37.9328,-0.478,25.563,0.31783,0.06806,0.2079,3
7.43,1471046.4,37.939,-0.4488,25.5613,0.31783,0.0683,0.20796,3
7.461,1471046.42,37.9374,-0.4729,25.5808,0.31785,0.06815,0.20805,3
7.466,1471046.44,37.9317,-0.5232,25.6038,0.31788,0.0678,0.2081,3
7.483,1471046.46,37.9296,-0.5614,25.626,0.31792,0.06755,0.20818,3
7.503,1471046.48,37.9402,-0.5578,25.6413,0.31799,0.06764,0.2083,3
7.524,1471046.499,37.9526,-0.5372,25.6367,0.31805,0.06782,0.20831,3
7.543,1471046.519,37.9543,-0.5052,25.6253,0.31802,0.06805,0.20831,3
7.564,1471046.539,37.9597,-0.4781,25.618,0.31801,0.06826,0.20832,3
7.582,1471046.559,37.9704,-0.4461,25.6012,0.31805,0.06849,0.20827,3
7.603,1471046.579,37.9704,-0.4046,25.5724,0.31799,0.06874,0.20815,3
7.623,1471046.599,37.9621,-0.3616,25.5482,0.31786,0.06901,0.20808,3
7.644,1471046.619,37.9583,-0.3354,25.5366,0.31779,0.06918,0.20807,3
7.663,1471046.638,37.9602,-0.2925,25.5215,0.31774,0.06949,0.20806,3
7.683,1471046.658,37.9625,-0.228,25.4972,0.31765,0.06994,0.20804,3
7.702,1471046.678,37.9665,-0.1776,25.4729,0.31761,0.07029,0.20798,3
7.722,1471046.698,37.9687,-0.16,25.433,0.31762,0.07032,0.20771,3
7.742,1471046.718,37.9801,-0.1469,25.4026,0.31771,0.07036,0.2075,3
7.762,1471046.738,38.0059,-0.1241,25.3677,0.31789,0.0705,0.20726,3
7.781,1471046.758,38.0478,-0.0983,25.3374,0.3182,0.0707,0.20706,3
7.801,1471046.777,38.0917,-0.0803,25.3219,0.31854,0.07088,0.20696,3
7.821,1471046.797,38.1265,-0.0639,25.3182,0.31879,0.07106,0.20695,3
7.841,1471046.817,38.1513,-0.0558,25.3374,0.31896,0.07123,0.20711,3
7.861,1471046.837,38.159,-0.0341,25.3638,0.31897,0.07149,0.20738,3
7.883,1471046.857,38.1388,0.0066,25.3809,0.31872,0.07183,0.20765,3
7.901,1471046.877,38.0901,0.0495,25.3655,0.31826,0.07204,0.20767,3
7.921,1471046.897,37.994,0.101,25.3443,0.31741,0.07222,0.2077,3
7.94,1471046.916,37.8555,0.1613,25.329,0.31619,0.07242,0.20783,3
7.96,1471046.936,37.6698,0.2529,25.351,0.31451,0.07288,0.20837,3
7.982,1471046.956,37.3986,0.4466,25.4135,0.31194,0.07412,0.20957,3
8.0,1471046.976,36.9551,0.7589,25.598,0.30766,0.07633,0.21215,3
8.025,1471046.996,36.3587,1.0195,25.8208,0.3022,0.07794,0.21497,3
8.049,1471047.016,35.7697,1.0788,25.9613,0.29723,0.07771,0.21657,3
8.06,1471047.036,35.3114,0.9569,26.1618,0.29362,0.07639,0.21813,3
8.08,1471047.055,35.0367,0.8184,26.453,0.29146,0.0755,0.22028,3
8.099,1471047.075,34.9445,0.7604,26.8169,0.29059,0.07578,0.22313,3
8.119,1471047.095,34.9543,0.748,27.1978,0.29044,0.07666,0.22617,3
8.139,1471047.115,34.9633,0.6707,27.6246,0.29038,0.07714,0.22942,3
8.159,1471047.135,34.9062,0.5335,28.1276,0.28985,0.07719,0.23317,3
8.179,1471047.155,34.7715,0.4207,28.664,0.28863,0.07736,0.23729,3
8.198,1471047.174,34.5891,0.3802,29.1822,0.2869,0.07796,0.24148,3
8.218,1471047.194,34.3968,0.4699,29.6384,0.28484,0.07941,0.2455,3
8.238,1471047.214,34.208,0.5563,29.9989,0.28288,0.0806,0.24874,3
8.258,1471047.234,34.0471,0.0531,30.0206,0.28266,0.07625,0.24778,3
