app_ts,sensor_ts,x,y,z,accuracy
0.02,1471038.966,0.12078,0.03375,0.04451,3
0.021,1471038.976,0.09357,-0.01583,0.03426,3
0.021,1471038.986,0.06767,-0.09179,0.02485,3
0.021,1471038.996,0.04267,-0.18103,0.02047,3
0.041,1471039.006,0.02864,-0.25649,0.02367,3
0.041,1471039.016,0.02105,-0.31479,0.02515,3
0.078,1471039.026,0.02466,-0.33699,0.02269,3
0.078,1471039.036,0.02721,-0.32608,0.01342,3
0.078,1471039.046,0.03499,-0.28702,0.00244,3
0.078,1471039.056,0.05374,-0.23923,-0.00504,3
0.086,1471039.066,0.06733,-0.18226,-0.00332,3
0.096,1471039.075,0.08432,-0.12411,0.00262,3
0.106,1471039.085,0.09788,-0.07145,0.01316,3
0.116,1471039.095,0.10629,-0.03285,0.02014,3
0.126,1471039.105,0.10554,-0.00414,0.03004,3
0.136,1471039.115,0.09645,0.00799,0.03805,3
0.146,1471039.125,0.08397,0.00634,0.04018,3
0.156,1471039.135,0.06566,-0.00457,0.04273,3
0.166,1471039.145,0.04801,-0.02398,0.04913,3
0.176,1471039.155,0.03314,-0.0481,0.05582,3
0.186,1471039.165,0.02194,-0.06554,0.05418,3
0.196,1471039.175,0.00412,-0.0748,0.05138,3
0.206,1471039.185,-0.01627,-0.07697,0.04402,3
0.216,1471039.195,-0.02761,-0.0795,0.0362,3
0.225,1471039.204,-0.03869,-0.08418,0.03384,3
0.236,1471039.214,-0.03859,-0.08395,0.03135,3
0.245,1471039.224,-0.03074,-0.08276,0.03018,3
0.259,1471039.234,-0.02122,-0.08048,0.03114,3
0.265,1471039.244,-0.00782,-0.07288,0.02754,3
0.277,1471039.254,0.00583,-0.06508,0.02508,3
0.286,1471039.264,0.01721,-0.05948,0.0226,3
0.296,1471039.274,0.02285,-0.04955,0.02089,3
0.308,1471039.284,0.02602,-0.05444,0.02004,3
0.316,1471039.294,0.02649,-0.05629,0.01663,3
0.325,1471039.304,0.02435,-0.05072,0.0115,3
0.334,1471039.314,0.02023,-0.04737,0.00819,3
0.345,1471039.324,0.01719,-0.04088,0.0086,3
0.36,1471039.334,0.01508,-0.03375,0.01524,3
0.377,1471039.343,0.00862,-0.02445,0.02105,3
0.377,1471039.353,-0.0004,-0.01742,0.02215,3
0.384,1471039.363,-0.00763,-0.01873,0.02059,3
0.394,1471039.373,-0.01281,-0.02032,0.01583,3
0.403,1471039.383,-0.01904,-0.02824,0.01025,3
0.414,1471039.393,-0.02756,-0.02761,0.00675,3
0.425,1471039.403,-0.03492,-0.02691,0.00752,3
0.437,1471039.413,-0.0469,-0.03374,0.00658,3
0.443,1471039.423,-0.05979,-0.03297,0.00813,3
0.453,1471039.433,-0.07447,-0.03665,0.01009,3
0.463,1471039.443,-0.09521,-0.05131,0.01307,3
0.473,1471039.453,-0.1198,-0.06943,0.01457,3
0.483,1471039.463,-0.14144,-0.08769,0.01599,3
0.493,1471039.472,-0.1601,-0.10627,0.01887,3
0.505,1471039.482,-0.17521,-0.1154,0.02084,3
0.515,1471039.492,-0.1868,-0.12367,0.0221,3
0.524,1471039.502,-0.19745,-0.12088,0.02162,3
0.533,1471039.512,-0.20396,-0.11545,0.01979,3
0.543,1471039.522,-0.20511,-0.10704,0.01649,3
0.553,1471039.532,-0.19401,-0.09863,0.0136,3
0.563,1471039.542,-0.18118,-0.08592,0.01101,3
0.573,1471039.552,-0.17127,-0.07545,0.00295,3
0.583,1471039.562,-0.15314,-0.06566,-0.00086,3
0.593,1471039.572,-0.13347,-0.05096,-0.00424,3
0.603,1471039.582,-0.11444,-0.02813,-0.00367,3
0.613,1471039.592,-0.09798,-0.01292,-0.00298,3
0.622,1471039.602,-0.08344,0.00363,0.00089,3
0.633,1471039.611,-0.0729,0.00831,0.00569,3
0.642,1471039.621,-0.06245,0.01396,0.00668,3
0.653,1471039.631,-0.06329,0.00654,0.00819,3
0.662,1471039.641,-0.06929,-0.00948,0.00487,3
0.672,1471039.651,-0.08414,-0.0251,0.00398,3
0.683,1471039.661,-0.10552,-0.04498,-0.00019,3
0.692,1471039.671,-0.12692,-0.06774,-0.00353,3
0.702,1471039.681,-0.14427,-0.08276,-0.00754,3
0.712,1471039.691,-0.16301,-0.09029,-0.00737,3
0.722,1471039.701,-0.16874,-0.08474,-0.00831,3
0.732,1471039.711,-0.16994,-0.08357,-0.00845,3
0.742,1471039.721,-0.16821,-0.08245,-0.00712,3
0.752,1471039.731,-0.15795,-0.07093,-0.00817,3
0.762,1471039.741,-0.13755,-0.05814,-0.01269,3
0.774,1471039.75,-0.12481,-0.05206,-0.01438,3
0.782,1471039.76,-0.11085,-0.04667,-0.0145,3
0.791,1471039.77,-0.10069,-0.03379,-0.01571,3
0.801,1471039.78,-0.08873,-0.02395,-0.01831,3
0.811,1471039.79,-0.07819,-0.02641,-0.01424,3
0.821,1471039.8,-0.06355,-0.03388,-0.00644,3
0.831,1471039.81,-0.05128,-0.0407,0.0,3
0.841,1471039.82,-0.04636,-0.03812,0.00609,3
0.851,1471039.83,-0.04328,-0.02215,0.00782,3
0.861,1471039.84,-0.04091,-0.01574,0.01114,3
0.87,1471039.85,-0.03965,-0.01695,0.01536,3
0.881,1471039.86,-0.0418,-0.01733,0.01391,3
0.89,1471039.87,-0.04367,-0.01759,0.00979,3
0.9,1471039.879,-0.04527,-0.02222,0.00592,3
0.91,1471039.889,-0.04578,-0.02981,0.00271,3
0.92,1471039.899,-0.04175,-0.02728,-0.00265,3
0.931,1471039.909,-0.03286,-0.01876,-0.0075,3
0.94,1471039.919,-0.02836,-0.01646,-0.00834,3
0.95,1471039.929,-0.02011,-0.01,-0.00976,3
0.96,1471039.939,-0.01857,0.00077,-0.01309,3
0.97,1471039.949,-0.0188,0.01072,-0.0144,3
0.98,1471039.959,-0.01962,0.01684,-0.01384,3
0.989,1471039.969,-0.02421,0.01616,-0.01021,3
0.999,1471039.979,-0.03241,0.01018,-0.00637,3
1.01,1471039.989,-0.03859,0.00171,-0.00492,3
1.024,1471039.999,-0.04552,-0.01025,-0.00234,3
1.029,1471040.009,-0.04852,-0.02119,-0.00119,3
1.04,1471040.018,-0.04637,-0.03693,0.00024,3
1.051,1471040.028,-0.03807,-0.03759,-0.00311,3
1.059,1471040.038,-0.03402,-0.03379,-0.00602,3
1.07,1471040.048,-0.02515,-0.02299,-0.01237,3
1.081,1471040.058,-0.02108,-0.00852,-0.0134,3
1.089,1471040.068,-0.01845,0.00984,-0.01148,3
1.099,1471040.078,-0.01892,0.02272,-0.00881,3
1.109,1471040.088,-0.01925,0.03176,-0.00808,3
1.12,1471040.098,-0.02016,0.03702,-0.01063,3
1.129,1471040.108,-0.01876,0.03016,-0.01431,3
1.14,1471040.118,-0.01531,0.01121,-0.01419,3
1.149,1471040.128,-0.00888,-0.00932,-0.01047,3
1.159,1471040.138,-0.00482,-0.02686,-0.0037,3
1.169,1471040.147,0.00026,-0.03196,0.00253,3
1.179,1471040.157,0.00049,-0.0237,0.00377,3
1.189,1471040.167,-0.00288,-0.0104,0.00497,3
1.198,1471040.177,-0.00353,0.00098,0.00469,3
1.208,1471040.187,-0.00843,0.00695,0.00222,3
1.218,1471040.197,-0.01442,0.01089,0.00195,3
1.228,1471040.207,-0.01792,0.0014,0.00112,3
1.238,1471040.217,-0.02096,-0.01339,0.00239,3
1.248,1471040.227,-0.02321,-0.0233,0.00143,3
1.258,1471040.237,-0.02684,-0.02225,-0.00065,3
1.268,1471040.247,-0.02922,-0.01489,-0.00333,3
1.282,1471040.257,-0.03175,-0.00524,-0.0041,3
1.289,1471040.267,-0.03491,0.01234,-0.00846,3
1.297,1471040.277,-0.03684,0.0251,-0.01367,3
1.307,1471040.286,-0.03943,0.02231,-0.01963,3
1.317,1471040.296,-0.04149,0.01115,-0.02503,3
1.327,1471040.306,-0.04259,0.00815,-0.03234,3
1.337,1471040.316,-0.04627,0.00892,-0.04044,3
1.347,1471040.326,-0.05,0.01972,-0.04416,3
1.358,1471040.336,-0.04583,0.03201,-0.04348,3
1.367,1471040.346,-0.04039,0.04154,-0.04142,3
1.377,1471040.356,-0.03215,0.05229,-0.0362,3
1.387,1471040.366,-0.01717,0.06575,-0.03248,3
1.397,1471040.376,-0.00733,0.07643,-0.02798,3
1.407,1471040.386,-0.00099,0.07828,-0.02323,3
1.428,1471040.396,-0.00016,0.07611,-0.01874,3
1.431,1471040.406,-0.0048,0.06667,-0.01518,3
1.456,1471040.415,-0.01189,0.05709,-0.0147,3
1.456,1471040.425,-0.01848,0.04618,-0.01522,3
1.457,1471040.435,-0.02267,0.03742,-0.01014,3
1.466,1471040.445,-0.02569,0.03252,-0.00524,3
1.476,1471040.455,-0.02429,0.02487,-0.00597,3
1.486,1471040.465,-0.01885,0.01688,-0.00658,3
1.499,1471040.475,-0.01524,0.01424,-0.00888,3
1.507,1471040.485,-0.01115,0.01667,-0.01134,3
1.516,1471040.495,-0.00777,0.01927,-0.01365,3
1.526,1471040.505,-0.01323,0.01787,-0.0163,3
1.537,1471040.515,-0.01939,0.01607,-0.01688,3
1.546,1471040.525,-0.02648,0.01864,-0.02138,3
1.555,1471040.535,-0.03812,0.01581,-0.0232,3
1.566,1471040.545,-0.04686,0.00061,-0.0225,3
1.575,1471040.554,-0.05163,-0.0114,-0.02066,3
1.585,1471040.564,-0.05222,-0.01581,-0.02135,3
1.596,1471040.574,-0.05014,-0.02361,-0.02314,3
1.605,1471040.584,-0.04328,-0.02808,-0.02503,3
1.615,1471040.594,-0.04081,-0.0204,-0.02712,3
1.626,1471040.604,-0.03772,-0.00991,-0.02731,3
1.635,1471040.614,-0.03105,0.00452,-0.02834,3
1.645,1471040.624,-0.02745,0.01185,-0.02705,3
1.655,1471040.634,-0.02218,0.00925,-0.02775,3
1.665,1471040.644,-0.01937,0.00625,-0.02817,3
1.675,1471040.654,-0.01817,0.00161,-0.02672,3
1.684,1471040.664,-0.01765,-0.00323,-0.02574,3
1.694,1471040.674,-0.02543,-0.01567,-0.02742,3
1.705,1471040.684,-0.03072,-0.03152,-0.02752,3
1.714,1471040.693,-0.03435,-0.03896,-0.03178,3
1.725,1471040.703,-0.03445,-0.03454,-0.03632,3
1.734,1471040.713,-0.03183,-0.02808,-0.04023,3
1.744,1471040.723,-0.02042,-0.01175,-0.041,3
1.754,1471040.733,-0.00707,0.0099,-0.04095,3
1.764,1471040.743,0.00864,0.03609,-0.04318,3
1.774,1471040.753,0.02587,0.05726,-0.04606,3
1.784,1471040.763,0.03637,0.06795,-0.04477,3
1.796,1471040.773,0.04547,0.07617,-0.0426,3
1.805,1471040.783,0.05472,0.08446,-0.03777,3
1.813,1471040.793,0.06117,0.09118,-0.0388,3
1.828,1471040.803,0.07053,0.10233,-0.04218,3
1.835,1471040.813,0.07748,0.12682,-0.04847,3
1.845,1471040.822,0.082,0.1465,-0.05751,3
1.855,1471040.832,0.08856,0.17272,-0.06723,3
1.863,1471040.842,0.09884,0.2023,-0.0746,3
1.873,1471040.852,0.11048,0.23729,-0.07505,3
1.884,1471040.862,0.12743,0.27065,-0.0733,3
1.893,1471040.872,0.15066,0.2936,-0.07084,3
1.903,1471040.882,0.17843,0.31069,-0.06751,3
1.913,1471040.892,0.20258,0.31692,-0.06487,3
1.924,1471040.902,0.22342,0.30953,-0.06062,3
1.933,1471040.912,0.22916,0.28672,-0.05524,3
1.944,1471040.922,0.22606,0.24876,-0.04913,3
1.953,1471040.932,0.21302,0.2075,-0.04602,3
1.963,1471040.942,0.18937,0.17476,-0.04616,3
1.973,1471040.952,0.16455,0.1524,-0.05016,3
1.983,1471040.961,0.13661,0.13011,-0.04983,3
1.992,1471040.971,0.11259,0.09882,-0.04644,3
2.003,1471040.981,0.08877,0.05838,-0.03894,3
2.012,1471040.991,0.06842,0.01534,-0.02986,3
2.062,1471041.001,0.05128,-0.01239,-0.02424,3
2.073,1471041.011,0.03368,-0.02101,-0.02211,3
2.074,1471041.021,0.01929,-0.01557,-0.02583,3
2.074,1471041.031,0.01745,7e-05,-0.03224,3
2.075,1471041.041,0.02354,0.00728,-0.03852,3
2.076,1471041.051,0.03391,0.00827,-0.0452,3
2.082,1471041.061,0.04564,0.01213,-0.05238,3
2.092,1471041.071,0.05843,0.01431,-0.05777,3
2.101,1471041.081,0.0669,0.01504,-0.05705,3
2.112,1471041.09,0.07044,0.01688,-0.05138,3
2.122,1471041.1,0.06404,0.01454,-0.04332,3
2.131,1471041.11,0.05198,0.00342,-0.0319,3
2.142,1471041.12,0.03524,-0.02267,-0.02192,3
2.152,1471041.13,0.02019,-0.04472,-0.01833,3
2.161,1471041.14,0.00304,-0.05697,-0.01988,3
2.172,1471041.15,-0.00819,-0.0576,-0.02688,3
2.183,1471041.16,-0.01161,-0.04665,-0.03344,3
2.191,1471041.17,-0.01093,-0.02875,-0.03327,3
2.202,1471041.18,-0.00131,-0.00916,-0.02892,3
2.211,1471041.19,0.01066,0.00372,-0.01986,3
2.221,1471041.2,0.01663,0.00597,-0.00873,3
2.231,1471041.21,0.01595,0.00457,-0.00298,3
2.24,1471041.22,0.00305,-0.00906,-0.00168,3
2.25,1471041.229,-0.011,-0.03335,-0.00468,3
2.261,1471041.239,-0.02679,-0.06985,-0.00552,3
2.27,1471041.249,-0.03924,-0.10845,-0.00618,3
2.28,1471041.259,-0.04677,-0.1298,-0.00693,3
2.291,1471041.269,-0.04548,-0.15265,-0.00316,3
2.301,1471041.279,-0.04149,-0.16931,0.00246,3
2.313,1471041.289,-0.04056,-0.1787,0.01162,3
2.321,1471041.299,-0.04189,-0.18535,0.01688,3
2.329,1471041.309,-0.04611,-0.19345,0.02253,3
2.34,1471041.319,-0.05159,-0.19804,0.02515,3
2.361,1471041.329,-0.05897,-0.20094,0.02979,3
2.363,1471041.339,-0.06107,-0.19726,0.02951,3
2.385,1471041.349,-0.05772,-0.18214,0.02958,3
2.385,1471041.358,-0.04962,-0.16872,0.0277,3
2.391,1471041.368,-0.03838,-0.15228,0.02461,3
2.4,1471041.378,-0.02883,-0.12676,0.01482,3
2.409,1471041.388,-0.02503,-0.10015,0.00456,3
2.428,1471041.398,-0.02183,-0.0781,-0.00714,3
2.443,1471041.408,-0.01527,-0.05137,-0.02201,3
2.444,1471041.418,-0.00908,-0.02943,-0.03777,3
2.449,1471041.428,-0.00518,-0.01183,-0.05014,3
2.459,1471041.438,-0.00232,0.00403,-0.06006,3
2.469,1471041.448,-0.00803,0.01555,-0.06196,3
2.479,1471041.458,-0.01063,0.02902,-0.06028,3
2.489,1471041.468,-0.01731,0.03995,-0.05206,3
2.5,1471041.478,-0.02498,0.03871,-0.04602,3
2.509,1471041.488,-0.0311,0.04484,-0.04054,3
2.522,1471041.497,-0.0367,0.04267,-0.03723,3
2.528,1471041.507,-0.04131,0.03412,-0.03405,3
2.539,1471041.517,-0.04201,0.02014,-0.03168,3
2.549,1471041.527,-0.03674,0.01232,-0.02871,3
2.56,1471041.537,-0.03435,0.00529,-0.02909,3
2.57,1471041.547,-0.0248,0.00201,-0.03126,3
2.579,1471041.557,-0.01196,0.00105,-0.03334,3
2.589,1471041.567,-0.0051,0.00019,-0.03079,3
2.598,1471041.577,-0.00258,-0.00176,-0.0241,3
2.608,1471041.587,0.00068,-0.00232,-0.01803,3
2.62,1471041.597,0.00148,-0.004,-0.01417,3
2.628,1471041.607,0.00478,-0.01005,-0.01307,3
2.639,1471041.617,0.01049,-0.01827,-0.01093,3
2.647,1471041.627,0.0137,-0.0245,-0.00845,3
2.659,1471041.636,0.01286,-0.03215,-0.00808,3
2.668,1471041.646,0.01094,-0.03943,-0.01007,3
2.678,1471041.656,0.01442,-0.04124,-0.00909,3
2.687,1471041.666,0.01374,-0.0462,-0.00967,3
2.698,1471041.676,0.01473,-0.0355,-0.00845,3
2.708,1471041.686,0.01593,-0.02218,-0.00862,3
2.717,1471041.696,0.0171,-0.01791,-0.00599,3
2.727,1471041.706,0.0178,-0.01868,-0.00162,3
2.738,1471041.716,0.013,-0.02327,0.00417,3
2.747,1471041.726,0.00574,-0.02951,0.00845,3
2.757,1471041.736,-0.00134,-0.02908,0.0136,3
2.768,1471041.746,-0.00822,-0.02548,0.01555,3
2.777,1471041.756,-0.01014,-0.02667,0.01607,3
2.787,1471041.765,-0.01148,-0.0332,0.01494,3
2.797,1471041.775,-0.00937,-0.03018,0.01501,3
2.806,1471041.785,-0.00986,-0.01304,0.01714,3
2.817,1471041.795,-0.01026,0.00391,0.01454,3
2.829,1471041.805,-0.01555,0.01112,0.01274,3
2.836,1471041.815,-0.01642,0.02075,0.0108,3
2.847,1471041.825,-0.02154,0.01785,0.011,3
2.857,1471041.835,-0.02894,0.01253,0.01419,3
2.866,1471041.845,-0.03461,0.01119,0.01981,3
2.877,1471041.855,-0.03908,0.01131,0.02037,3
2.893,1471041.865,-0.03782,0.00796,0.02145,3
2.896,1471041.875,-0.03327,0.00489,0.02204,3
2.906,1471041.885,-0.03126,0.00244,0.02496,3
2.916,1471041.895,-0.0215,0.00113,0.02566,3
2.926,1471041.904,-0.01431,0.00038,0.03046,3
2.936,1471041.914,-0.00768,-0.00398,0.03363,3
2.945,1471041.924,0.00178,-0.01189,0.0356,3
2.956,1471041.934,0.00553,-0.01852,0.03646,3
2.966,1471041.944,0.00466,-0.01979,0.03897,3
2.976,1471041.954,0.0029,-0.02016,0.04245,3
2.985,1471041.964,-0.00733,-0.01367,0.04501,3
2.995,1471041.974,-0.01257,-0.01662,0.04568,3
3.005,1471041.984,-0.0177,-0.02157,0.04646,3
3.016,1471041.994,-0.02342,-0.0222,0.04815,3
3.026,1471042.004,-0.02187,-0.02114,0.04924,3
3.035,1471042.014,-0.02304,-0.02459,0.05238,3
3.045,1471042.024,-0.01531,-0.02761,0.05655,3
3.055,1471042.033,-0.01131,-0.03107,0.05918,3
3.065,1471042.043,-0.00883,-0.03011,0.06037,3
3.075,1471042.053,-0.00611,-0.03121,0.0584,3
3.087,1471042.063,-0.00012,-0.03124,0.05733,3
3.094,1471042.073,0.00269,-0.0326,0.05143,3
3.106,1471042.083,0.00515,-0.02786,0.0506,3
3.114,1471042.093,0.00679,-0.02525,0.05061,3
3.125,1471042.103,0.00522,-0.02428,0.04725,3
3.134,1471042.113,0.00051,-0.02194,0.04348,3
3.146,1471042.123,-0.00593,-0.02238,0.04166,3
3.154,1471042.133,-0.00958,-0.02499,0.0422,3
3.165,1471042.143,-0.01274,-0.02293,0.0406,3
3.174,1471042.153,-0.01185,-0.01592,0.03594,3
3.184,1471042.163,-0.01358,-0.01019,0.03611,3
3.195,1471042.172,-0.01059,-0.00332,0.0333,3
3.204,1471042.182,-0.00531,0.00581,0.03442,3
3.213,1471042.192,-0.00283,0.00597,0.03457,3
3.224,1471042.202,-0.0033,-0.00628,0.03355,3
3.233,1471042.212,0.0025,-0.01499,0.03595,3
3.243,1471042.222,0.00206,-0.02182,0.03784,3
3.253,1471042.232,-0.00115,-0.02962,0.03763,3
3.264,1471042.242,-0.00068,-0.03622,0.03758,3
3.273,1471042.252,-0.00017,-0.03629,0.03691,3
3.283,1471042.262,0.00586,-0.02334,0.03405,3
3.293,1471042.272,0.006,-0.01272,0.03215,3
3.304,1471042.282,0.01436,-0.00731,0.03124,3
3.313,1471042.292,0.01361,-0.00602,0.03327,3
3.323,1471042.301,0.01412,-0.00288,0.03417,3
3.333,1471042.311,0.01271,-0.00391,0.03653,3
3.346,1471042.321,0.00562,-0.01176,0.0347,3
3.352,1471042.331,0.00489,-0.01911,0.02861,3
3.37,1471042.341,0.00225,-0.03129,0.02724,3
3.376,1471042.351,0.00152,-0.03759,0.02285,3
3.386,1471042.361,-0.0004,-0.03999,0.02285,3
3.392,1471042.371,-0.0014,-0.03505,0.02304,3
3.409,1471042.381,2e-05,-0.02976,0.0244,3
3.412,1471042.391,-0.00213,-0.024,0.02531,3
3.425,1471042.401,-0.0122,-0.04529,0.02813,3
3.44,1471042.411,-0.02428,-0.05248,0.028,3
3.442,1471042.421,-0.02443,-0.04119,0.01707,3
3.451,1471042.431,-0.02161,-0.03651,0.01536,3
3.462,1471042.44,-0.01286,-0.03264,0.02142,3
3.472,1471042.45,0.00101,-0.02901,0.02562,3
3.481,1471042.46,0.01257,-0.02436,0.02344,3
3.492,1471042.47,0.02059,-0.02157,0.02258,3
3.501,1471042.48,0.02187,-0.01653,0.02162,3
3.511,1471042.49,0.017,-0.01049,0.01984,3
3.521,1471042.5,0.01185,0.00017,0.01803,3
3.531,1471042.51,0.0014,-0.00112,0.01866,3
3.542,1471042.52,-0.00492,0.0055,0.01798,3
3.551,1471042.53,-0.00384,0.01323,0.01447,3
3.561,1471042.54,-0.00433,0.00674,0.01393,3
3.571,1471042.55,0.00414,0.0092,0.01038,3
3.581,1471042.56,0.00698,0.0155,0.00831,3
3.59,1471042.57,0.00951,0.02791,0.00944,3
3.604,1471042.579,0.01042,0.03124,0.00869,3
3.611,1471042.589,0.01304,0.0381,0.0085,3
3.629,1471042.599,0.01326,0.03327,0.00768,3
3.631,1471042.609,0.01134,0.0193,0.00897,3
3.641,1471042.619,0.01101,0.00522,0.01011,3
3.65,1471042.629,0.01356,-0.00564,0.01101,3
3.66,1471042.639,0.01349,-0.01051,0.01,3
3.671,1471042.649,0.01281,-0.01096,0.00791,3
3.681,1471042.659,0.01545,-0.00639,0.00663,3
3.69,1471042.669,0.01443,0.0071,0.00613,3
3.7,1471042.679,0.01534,0.023,0.00421,3
3.71,1471042.689,0.0163,0.02758,0.00492,3
3.72,1471042.699,0.01405,0.02712,0.00876,3
3.729,1471042.708,0.01339,0.01864,0.00934,3
3.74,1471042.718,0.01227,0.01197,0.00977,3
3.75,1471042.728,0.0059,0.00887,0.0088,3
3.76,1471042.738,0.00445,0.00466,0.00969,3
3.769,1471042.748,0.00827,-0.00286,0.0115,3
3.78,1471042.758,0.01267,-0.0071,0.01122,3
3.79,1471042.768,0.01344,-0.01239,0.01386,3
3.799,1471042.778,0.01595,-0.01072,0.01265,3
3.809,1471042.788,0.01529,-0.00374,0.00887,3
3.82,1471042.798,0.01332,-0.00555,0.00515,3
3.829,1471042.808,0.01185,-0.00251,0.00257,3
3.839,1471042.818,0.0162,-0.00283,0.00101,3
3.849,1471042.828,0.01545,-0.00319,0.0029,3
3.861,1471042.838,0.01545,2e-05,0.0014,3
3.869,1471042.847,0.01595,0.0003,0.00141,3
3.88,1471042.857,0.01499,-0.00508,-0.00021,3
3.889,1471042.867,0.01237,-0.00483,-0.00035,3
3.898,1471042.877,0.01035,0.00086,-0.00155,3
3.908,1471042.887,0.01021,0.00033,-0.00206,3
3.919,1471042.897,0.01491,-0.00045,-0.00417,3
3.928,1471042.907,0.02173,0.00096,-0.00297,3
3.939,1471042.917,0.02794,-0.00098,-0.00185,3
3.948,1471042.927,0.0285,0.00239,-0.00049,3
3.959,1471042.937,0.02997,0.00606,-0.00241,3
3.968,1471042.947,0.02557,0.00586,-0.00656,3
3.978,1471042.957,0.02213,0.00408,-0.00511,3
3.988,1471042.967,0.01532,-0.00185,-0.00625,3
3.998,1471042.976,0.01703,-0.00894,-0.0085,3
4.008,1471042.986,0.01478,-0.02094,-0.00824,3
4.018,1471042.996,0.01735,-0.02569,-0.00742,3
4.028,1471043.006,0.01936,-0.02395,-0.00552,3
4.041,1471043.016,0.01799,-0.02011,-0.00483,3
4.049,1471043.026,0.01895,-0.01747,-0.0062,3
4.06,1471043.036,0.01792,-0.01922,-0.01086,3
4.067,1471043.046,0.01974,-0.01918,-0.01559,3
4.077,1471043.056,0.01421,-0.01939,-0.01534,3
4.086,1471043.066,0.00927,-0.01525,-0.0075,3
4.097,1471043.076,0.0029,-0.02094,-0.00286,3
4.107,1471043.086,-0.00349,-0.02164,-0.00241,3
4.118,1471043.096,-0.00721,-0.01321,-0.00641,3
4.127,1471043.106,-0.00941,-0.0125,-0.01206,3
4.137,1471043.115,-0.0038,-0.01667,-0.01239,3
4.146,1471043.125,0.00752,-0.01848,-0.01091,3
4.156,1471043.135,0.01611,-0.02164,-0.00475,3
4.166,1471043.145,0.02136,-0.02278,-0.00044,3
4.176,1471043.155,0.02461,-0.01194,-0.00182,3
4.186,1471043.165,0.02063,-0.00656,-0.00302,3
4.197,1471043.175,0.01838,-0.00225,-0.00995,3
4.207,1471043.185,0.01276,-0.00422,-0.01162,3
4.216,1471043.195,0.01257,-0.00155,-0.01285,3
4.226,1471043.205,0.00794,-0.00581,-0.01431,3
4.236,1471043.215,0.00541,-0.01171,-0.01546,3
4.246,1471043.225,0.00714,-0.02025,-0.01703,3
4.256,1471043.235,0.00752,-0.02477,-0.01281,3
4.266,1471043.244,0.00756,-0.01829,-0.01004,3
4.275,1471043.254,0.00592,-0.00988,-0.00705,3
4.286,1471043.264,0.00686,-0.00737,-0.00529,3
4.296,1471043.274,0.00611,-0.00527,-0.00361,3
4.306,1471043.284,0.00948,0.00265,-0.00297,3
4.315,1471043.294,0.00935,0.00361,-0.00449,3
4.326,1471043.304,0.01461,0.00358,-0.00749,3
4.335,1471043.314,0.01468,0.00281,-0.00532,3
4.345,1471043.324,0.01569,0.0034,-0.00246,3
4.364,1471043.334,0.01499,0.00469,0.00349,3
4.369,1471043.344,0.01609,0.00267,0.00597,3
4.395,1471043.354,0.01278,-0.00227,0.00812,3
4.397,1471043.364,0.01199,-0.00442,0.00724,3
4.4,1471043.374,0.00946,-0.00318,0.00382,3
4.407,1471043.383,0.01077,-0.00808,0.00232,3
4.415,1471043.393,0.01222,-0.01478,0.00278,3
4.433,1471043.403,0.01566,-0.01429,0.00389,3
4.45,1471043.413,0.02196,-0.00848,0.00185,3
4.451,1471043.423,0.02388,-0.00464,0.00229,3
4.455,1471043.433,0.02585,0.00333,0.00103,3
4.464,1471043.443,0.0215,0.01623,-0.00234,3
4.474,1471043.453,0.01337,0.01847,-0.00382,3
4.484,1471043.463,0.00927,0.01798,-0.00251,3
4.494,1471043.473,0.00504,0.01552,-0.00377,3
4.504,1471043.483,0.00248,0.00293,-0.00223,3
4.514,1471043.493,-0.00065,-0.0114,0.00225,3
4.524,1471043.503,0.0052,-0.01419,0.0025,3
4.533,1471043.513,0.00883,-0.0189,0.00515,3
4.545,1471043.522,0.01621,-0.01382,0.00742,3
4.554,1471043.532,0.02196,-0.00463,0.0073,3
4.564,1471043.542,0.0278,-0.00497,0.00742,3
4.573,1471043.552,0.03304,-0.0023,0.00541,3
4.584,1471043.562,0.02978,0.00122,0.00283,3
4.593,1471043.572,0.02328,0.00229,0.0034,3
4.604,1471043.582,0.01841,-0.00264,0.00195,3
4.613,1471043.592,0.00953,-0.00806,0.00325,3
4.626,1471043.602,0.00026,-0.00691,0.00065,3
4.633,1471043.612,-0.0067,-0.00152,0.00056,3
4.643,1471043.622,-0.01038,-0.00016,-0.00054,3
4.654,1471043.632,-0.00552,0.00545,-0.00195,3
4.663,1471043.642,-0.00115,0.00323,2e-05,3
4.673,1471043.651,0.0071,0.00716,0.00113,3
4.684,1471043.661,0.01363,0.01632,0.00349,3
4.693,1471043.671,0.01773,0.02222,0.00356,3
4.703,1471043.681,0.0196,0.02161,0.00534,3
4.712,1471043.691,0.01789,0.01375,0.00714,3
4.723,1471043.701,0.01527,0.00429,0.00487,3
4.732,1471043.711,0.01438,-0.01063,0.00192,3
4.743,1471043.721,0.00904,-0.02513,0.00194,3
4.753,1471043.731,0.0059,-0.02749,0.00257,3
4.762,1471043.741,0.00471,-0.02042,0.00461,3
4.773,1471043.751,0.00258,-0.01428,0.00466,3
4.782,1471043.761,0.00613,-0.01274,0.00284,3
4.792,1471043.771,0.0136,-0.01276,0.0029,3
4.802,1471043.781,0.01667,-0.01487,0.00414,3
4.811,1471043.79,0.02602,-0.01173,0.00377,3
4.822,1471043.8,0.03274,-0.01339,0.00335,3
4.831,1471043.81,0.03609,-0.01464,0.00649,3
4.842,1471043.82,0.04164,-0.01148,0.00567,3
4.852,1471043.83,0.0388,-0.00899,0.00194,3
4.862,1471043.84,0.03484,-0.00888,0.00131,3
4.871,1471043.85,0.02712,-0.00716,0.00499,3
4.884,1471043.86,0.02089,0.00408,0.0119,3
4.891,1471043.87,0.00646,0.01101,0.01991,3
4.903,1471043.88,0.00098,0.01463,0.02342,3
4.912,1471043.89,0.00356,0.01061,0.02321,3
4.922,1471043.9,0.00794,-0.00435,0.02054,3
4.931,1471043.91,0.01541,-0.01019,0.01752,3
4.942,1471043.919,0.01682,-0.01005,0.01494,3
4.953,1471043.929,0.01806,-0.00597,0.01122,3
4.961,1471043.939,0.01644,0.00552,0.00988,3
4.97,1471043.949,0.0122,0.02396,0.00791,3
4.98,1471043.959,0.00963,0.04224,0.0074,3
4.99,1471043.969,0.01063,0.05781,0.00576,3
5.0,1471043.979,0.0134,0.06721,0.00607,3
5.01,1471043.989,0.01592,0.0622,0.01141,3
5.021,1471043.999,0.01588,0.04611,0.01834,3
5.029,1471044.009,0.0188,0.02761,0.01885,3
5.04,1471044.019,0.02112,0.01534,0.02286,3
5.051,1471044.029,0.02185,0.01129,0.02592,3
5.061,1471044.039,0.02813,0.00686,0.03103,3
5.07,1471044.049,0.03262,0.01299,0.03747,3
5.08,1471044.058,0.03948,0.02066,0.03848,3
5.09,1471044.068,0.0422,0.0292,0.0414,3
5.101,1471044.078,0.04725,0.03098,0.04339,3
5.109,1471044.088,0.0529,0.02761,0.04442,3
5.119,1471044.098,0.06089,0.01644,0.04435,3
5.129,1471044.108,0.06617,0.00714,0.04391,3
5.143,1471044.118,0.06679,-0.00497,0.04506,3
5.149,1471044.128,0.06304,-0.00686,0.04773,3
5.159,1471044.138,0.06386,-0.00869,0.0476,3
5.173,1471044.148,0.0625,-0.01279,0.04447,3
5.179,1471044.158,0.06414,-0.01075,0.04058,3
5.189,1471044.168,0.06372,-0.00627,0.03517,3
5.199,1471044.178,0.05946,-0.0038,0.03,3
5.209,1471044.187,0.05309,-0.00096,0.02628,3
5.22,1471044.197,0.04332,0.00099,0.02065,3
5.228,1471044.207,0.02768,0.00288,0.01471,3
5.239,1471044.217,0.01473,0.00487,0.00929,3
5.248,1471044.227,-0.00016,0.00389,0.00459,3
5.259,1471044.237,-0.00565,0.01381,0.0011,3
5.269,1471044.247,-0.00756,0.01691,-0.00216,3
5.279,1471044.257,-0.00607,0.0136,-0.00539,3
5.288,1471044.267,-0.00031,0.01098,-0.00698,3
5.298,1471044.277,0.00101,0.00415,-0.00798,3
5.308,1471044.287,0.00152,-0.0033,-0.00672,3
5.319,1471044.297,0.00208,-0.00937,-0.00661,3
5.328,1471044.307,0.00138,-0.00841,-0.00833,3
5.338,1471044.317,0.00222,-0.00969,-0.00862,3
5.347,1471044.326,0.00398,-0.01426,-0.00819,3
5.358,1471044.336,0.00492,-0.01756,-0.0111,3
5.368,1471044.346,0.00555,-0.00983,-0.01326,3
5.378,1471044.356,0.00429,-0.00606,-0.01237,3
5.387,1471044.366,0.00342,-0.00286,-0.01124,3
5.4,1471044.376,0.00101,0.00091,-0.0082,3
5.407,1471044.386,0.00314,0.0052,-0.00552,3
5.426,1471044.396,0.00445,0.00597,-0.00454,3
5.468,1471044.406,0.01033,-0.0037,-0.00138,3
5.469,1471044.416,0.01712,-0.01375,0.00257,3
5.47,1471044.426,0.01897,-0.02114,0.0063,3
5.471,1471044.436,0.02475,-0.02391,0.00642,3
5.471,1471044.446,0.03136,-0.02716,0.00541,3
5.477,1471044.456,0.02796,-0.03545,0.00702,3
5.486,1471044.465,0.02738,-0.03382,0.00723,3
5.496,1471044.475,0.02229,-0.03259,0.00635,3
5.506,1471044.485,0.01539,-0.03271,0.00443,3
5.516,1471044.495,0.00641,-0.03578,0.00136,3
5.526,1471044.505,-0.00012,-0.02869,-0.00098,3
5.537,1471044.515,-0.00562,-0.02313,-0.00126,3
5.547,1471044.525,-0.00644,-0.01852,-0.00134,3
5.557,1471044.535,-0.00353,-0.01395,-2e-05,3
5.566,1471044.545,0.00183,-0.01066,-0.00199,3
5.577,1471044.555,-7e-05,-0.00908,-0.0022,3
5.586,1471044.565,-0.00094,-0.00461,-0.00372,3
5.596,1471044.575,-0.0025,-0.00124,-0.00344,3
5.606,1471044.585,-0.0071,0.00487,-0.0034,3
5.616,1471044.594,-0.0185,0.01004,-0.00597,3
5.625,1471044.604,-0.02775,0.01016,-0.01115,3
5.636,1471044.614,-0.03841,-0.00042,-0.01953,3
5.645,1471044.624,-0.04634,-0.00586,-0.02339,3
5.658,1471044.634,-0.05177,-0.01307,-0.02093,3
5.665,1471044.644,-0.05184,-0.00834,-0.01562,3
5.675,1471044.654,-0.05203,0.00367,-0.01435,3
5.686,1471044.664,-0.04733,0.02133,-0.01597,3
5.695,1471044.674,-0.03491,0.03777,-0.02232,3
5.706,1471044.684,-0.02304,0.04046,-0.02512,3
5.715,1471044.694,-0.01009,0.04035,-0.02238,3
5.726,1471044.704,-0.00042,0.03342,-0.01391,3
5.735,1471044.714,0.00557,0.02869,-0.00471,3
5.745,1471044.724,0.00784,0.02484,0.00311,3
5.755,1471044.733,0.00164,0.02557,0.00684,3
5.764,1471044.743,-0.00407,0.03283,0.00714,3
5.774,1471044.753,-0.01182,0.02937,0.01072,3
5.79,1471044.763,-0.00935,0.01375,0.0156,3
5.795,1471044.773,-0.00501,-0.0049,0.01805,3
5.805,1471044.783,0.00471,-0.01417,0.01836,3
5.814,1471044.793,0.01328,-0.0229,0.0177,3
5.824,1471044.803,0.02157,-0.02414,0.01604,3
5.834,1471044.813,0.02697,-0.02384,0.01482,3
5.845,1471044.823,0.03389,-0.01248,0.01548,3
5.854,1471044.833,0.03676,0.00209,0.01555,3
5.864,1471044.843,0.04023,0.02023,0.01468,3
5.874,1471044.853,0.03745,0.03068,0.01562,3
5.885,1471044.862,0.03225,0.038,0.0152,3
5.894,1471044.872,0.02391,0.04234,0.0147,3
5.905,1471044.882,0.01733,0.04358,0.0111,3
5.917,1471044.892,0.0074,0.03557,0.00934,3
5.925,1471044.902,-0.00077,0.02634,0.00906,3
5.934,1471044.912,-0.01552,0.02429,0.00997,3
5.944,1471044.922,-0.01709,0.03108,0.00869,3
5.953,1471044.932,-0.01545,0.04129,0.00981,3
5.964,1471044.942,-0.00555,0.0584,0.00848,3
5.973,1471044.952,0.00225,0.06809,0.00661,3
5.985,1471044.962,0.016,0.08538,0.0082,3
5.993,1471044.972,0.02686,0.10165,0.00524,3
6.005,1471044.982,0.03971,0.12346,0.00368,3
6.014,1471044.992,0.04,0.13324,0.0023,3
6.025,1471045.001,0.02648,0.14216,0.00255,3
6.033,1471045.011,0.00819,0.12854,0.00492,3
6.044,1471045.021,-0.01566,0.09559,0.01134,3
6.053,1471045.031,-0.0395,0.05838,0.01494,3
6.062,1471045.041,-0.06077,0.03573,0.01644,3
6.073,1471045.051,-0.07863,0.01801,0.01267,3
6.082,1471045.061,-0.09601,0.00677,0.01014,3
6.092,1471045.071,-0.10512,0.00494,0.00756,3
6.103,1471045.081,-0.1028,0.0195,0.00627,3
6.112,1471045.091,-0.09655,0.03304,0.01056,3
6.123,1471045.101,-0.0769,0.03786,0.01775,3
6.132,1471045.111,-0.05946,0.03248,0.02152,3
6.146,1471045.121,-0.04203,0.02667,0.02091,3
6.154,1471045.13,-0.02896,0.02058,0.01873,3
6.162,1471045.14,-0.02026,0.01658,0.01754,3
6.174,1471045.15,-0.01728,0.01134,0.01751,3
6.181,1471045.16,-0.02115,0.01098,0.013,3
6.191,1471045.17,-0.02906,0.01819,0.01009,3
6.201,1471045.18,-0.04377,0.02037,0.00853,3
6.212,1471045.19,-0.04887,0.01979,0.00899,3
6.221,1471045.2,-0.04925,-0.0026,0.0147,3
6.231,1471045.21,-0.04526,-0.00998,0.01794,3
6.245,1471045.22,-0.04494,-0.00691,0.01543,3
6.252,1471045.23,-0.0451,0.00267,0.01182,3
6.263,1471045.24,-0.04,0.01473,0.00456,3
6.271,1471045.25,-0.03606,0.02522,-0.00215,3
6.281,1471045.26,-0.03171,0.03819,-0.00883,3
6.29,1471045.269,-0.02936,0.03834,-0.00997,3
6.301,1471045.279,-0.021,0.03653,-0.00618,3
6.311,1471045.289,-0.01274,0.03444,0.00166,3
6.321,1471045.299,-0.01082,0.03389,0.00904,3
6.331,1471045.309,-0.01414,0.02934,0.01115,3
6.341,1471045.319,-0.02117,0.02885,0.0073,3
6.362,1471045.329,-0.0266,0.02354,0.00312,3
6.364,1471045.339,-0.03573,0.01358,0.00075,3
6.388,1471045.349,-0.03681,0.00845,0.00037,3
6.389,1471045.359,-0.03644,0.00667,-0.00279,3
6.39,1471045.369,-0.03358,0.00532,-0.00892,3
6.401,1471045.379,-0.03002,0.01386,-0.01403,3
6.41,1471045.389,-0.02574,0.02379,-0.01698,3
6.428,1471045.399,-0.02162,0.03398,-0.02011,3
6.43,1471045.408,-0.02197,0.03571,-0.01986,3
6.448,1471045.418,-0.02194,0.03932,-0.01408,3
6.45,1471045.428,-0.02405,0.04363,-0.00607,3
6.464,1471045.438,-0.03143,0.04184,-0.00084,3
6.472,1471045.448,-0.03431,0.04311,0.00103,3
6.483,1471045.458,-0.03313,0.03391,0.00237,3
6.49,1471045.468,-0.03154,0.01262,0.00361,3
6.505,1471045.478,-0.02808,-0.00925,0.00379,3
6.509,1471045.488,-0.02159,-0.01894,0.00489,3
6.519,1471045.498,-0.01599,-0.02988,0.00545,3
6.529,1471045.508,-0.01096,-0.03264,0.00724,3
6.54,1471045.518,-0.00644,-0.01991,0.00754,3
6.549,1471045.528,-0.00229,-0.00082,0.00393,3
6.559,1471045.537,0.0078,0.00757,0.00361,3
6.568,1471045.547,0.01403,-0.00164,0.00428,3
6.58,1471045.557,0.02323,-0.00742,0.00412,3
6.588,1471045.567,0.03033,-0.01765,0.00435,3
6.598,1471045.577,0.03063,-0.02021,0.00365,3
6.608,1471045.587,0.02747,-0.01101,-0.00044,3
6.618,1471045.597,0.0211,-7e-05,-0.00106,3
6.628,1471045.607,0.01325,0.0025,-0.00354,3
6.638,1471045.617,0.00805,0.00782,-0.00318,3
6.648,1471045.627,0.00272,0.00421,-0.00408,3
6.658,1471045.637,-0.00077,0.00298,-0.00302,3
6.668,1471045.647,-0.00429,0.00199,-0.00145,3
6.681,1471045.657,-0.00372,-0.00257,-0.00175,3
6.688,1471045.667,-0.00304,-0.00738,-0.00482,3
6.698,1471045.676,-0.00351,-0.00333,-0.0062,3
6.708,1471045.686,-0.01063,0.00248,-0.00841,3
6.718,1471045.696,-0.01436,0.01178,-0.00918,3
6.728,1471045.706,-0.01564,0.01475,-0.00696,3
6.738,1471045.716,-0.01354,0.0148,-0.00478,3
6.748,1471045.726,-0.00895,0.01094,-0.00077,3
6.758,1471045.736,-0.00255,-0.00068,0.00257,3
6.767,1471045.746,0.0001,-0.01215,0.00475,3
6.778,1471045.756,0.00072,-0.01515,0.00424,3
6.788,1471045.766,0.0008,-0.02506,0.00483,3
6.798,1471045.776,-0.00047,-0.03526,0.0055,3
6.807,1471045.786,-0.00182,-0.03875,0.00094,3
6.817,1471045.796,-0.00632,-0.03822,-0.00304,3
6.827,1471045.805,-0.01304,-0.03299,-0.00709,3
6.838,1471045.815,-0.02278,-0.01962,-0.0075,3
6.847,1471045.825,-0.02494,-0.00941,-0.00796,3
6.856,1471045.835,-0.02527,-0.01286,-0.00202,3
6.866,1471045.845,-0.02225,-0.0166,0.00051,3
6.876,1471045.855,-0.01904,-0.02429,0.00471,3
6.886,1471045.865,-0.02012,-0.03042,0.0075,3
6.897,1471045.875,-0.02094,-0.03428,0.00681,3
6.906,1471045.885,-0.02155,-0.03222,0.00367,3
6.916,1471045.895,-0.02763,-0.02388,0.00014,3
6.926,1471045.905,-0.03695,-0.01216,-0.0003,3
6.938,1471045.915,-0.03965,-0.00471,-0.00379,3
6.946,1471045.925,-0.04384,0.00283,-0.00716,3
6.956,1471045.935,-0.04897,0.00712,-0.01018,3
6.967,1471045.944,-0.0526,0.01672,-0.01826,3
6.975,1471045.954,-0.0529,0.02934,-0.02498,3
6.985,1471045.964,-0.06185,0.03374,-0.02761,3
6.995,1471045.974,-0.06863,0.03306,-0.02941,3
7.006,1471045.984,-0.07187,0.03229,-0.02806,3
7.017,1471045.994,-0.07896,0.02618,-0.02583,3
7.026,1471046.004,-0.08207,0.03081,-0.02372,3
7.035,1471046.014,-0.08512,0.04355,-0.01939,3
7.046,1471046.024,-0.08357,0.05053,-0.01487,3
7.056,1471046.034,-0.07001,0.05456,-0.00995,3
7.066,1471046.044,-0.05383,0.05487,-0.00393,3
7.075,1471046.054,-0.0348,0.05362,0.00056,3
7.085,1471046.064,-0.01772,0.04506,0.00449,3
7.094,1471046.073,-0.00267,0.03983,0.00527,3
7.105,1471046.083,0.00581,0.03288,0.00061,3
7.115,1471046.093,-0.00052,0.02625,-0.00319,3
7.125,1471046.103,-0.00384,0.03182,-0.00721,3
7.134,1471046.113,-0.00853,0.03332,-0.00677,3
7.145,1471046.123,-0.01574,0.02519,-0.00496,3
7.154,1471046.133,-0.01346,0.01792,-0.00066,3
7.165,1471046.143,-0.00969,0.01292,0.00564,3
7.174,1471046.153,-0.00429,0.01271,0.01227,3
7.186,1471046.163,-0.00162,0.00731,0.01681,3
7.197,1471046.173,-0.00384,0.00093,0.02077,3
7.207,1471046.183,-0.00503,-0.00248,0.01955,3
7.214,1471046.193,-0.00564,0.00482,0.01447,3
7.225,1471046.203,-0.01103,0.01007,0.00977,3
7.235,1471046.212,-0.01609,0.0123,0.00274,3
7.244,1471046.222,-0.02529,0.01881,-0.00103,3
7.254,1471046.232,-0.03074,0.0278,-0.00297,3
7.264,1471046.242,-0.04299,0.03285,-0.00213,3
7.274,1471046.252,-0.04698,0.03801,-0.00447,3
7.284,1471046.262,-0.05405,0.0352,-0.00607,3
7.293,1471046.272,-0.05536,0.02806,-0.00991,3
7.303,1471046.282,-0.04927,0.01723,-0.01145,3
7.314,1471046.292,-0.0458,0.00677,-0.01269,3
7.323,1471046.302,-0.0389,0.00323,-0.01176,3
7.333,1471046.312,-0.03637,0.0036,-0.01227,3
7.343,1471046.322,-0.03384,0.01047,-0.01311,3
7.353,1471046.332,-0.03156,0.01457,-0.01543,3
7.364,1471046.342,-0.02459,0.02374,-0.01836,3
7.373,1471046.351,-0.01101,0.03121,-0.0195,3
7.383,1471046.361,-0.00255,0.03547,-0.01681,3
7.392,1471046.371,0.00487,0.03189,-0.01103,3
7.403,1471046.381,0.00532,0.02168,-0.00185,3
7.413,1471046.391,0.0045,0.00466,0.0071,3
7.428,1471046.401,-0.00131,-0.01353,0.01286,3
7.459,1471046.411,-0.00579,-0.02887,0.01627,3
7.461,1471046.421,-0.00496,-0.03438,0.01539,3
7.461,1471046.431,-0.00623,-0.03513,0.0163,3
7.466,1471046.441,-0.0018,-0.02449,0.01468,3
7.472,1471046.451,0.00515,-0.00496,0.01234,3
7.482,1471046.461,0.00925,0.0085,0.00986,3
7.491,1471046.471,0.00827,0.01264,0.00157,3
7.501,1471046.48,0.01061,0.01253,-0.00387,3
7.511,1471046.49,0.00885,0.00956,-0.00777,3
7.522,1471046.5,0.00141,0.01883,-0.00833,3
7.534,1471046.51,0.00086,0.0222,-0.00513,3
7.542,1471046.52,0.00442,0.01676,-0.00571,3
7.551,1471046.53,0.00534,0.01576,-0.00689,3
7.562,1471046.54,0.0092,0.01606,-0.01215,3
7.571,1471046.55,0.00546,0.01557,-0.01714,3
7.582,1471046.56,-0.00024,0.01784,-0.0203,3
7.591,1471046.57,-0.00515,0.01979,-0.0214,3
7.602,1471046.58,-0.00754,0.02149,-0.0173,3
7.611,1471046.59,-0.00606,0.01616,-0.01171,3
7.621,1471046.6,-0.00356,0.01377,-0.00843,3
7.633,1471046.61,0.00051,0.01616,-0.00831,3
7.643,1471046.619,0.00154,0.02644,-0.011,3
7.65,1471046.629,0.00206,0.03611,-0.0136,3
7.662,1471046.639,0.00187,0.04025,-0.01721,3
7.67,1471046.649,0.00232,0.03871,-0.01772,3
7.681,1471046.659,0.00332,0.02806,-0.01723,3
7.69,1471046.669,0.00269,0.00677,-0.02065,3
7.701,1471046.679,0.00168,-0.00894,-0.0281,3
7.713,1471046.689,0.00522,-0.00892,-0.02318,3
7.721,1471046.699,0.00976,-0.00791,-0.02147,3
7.73,1471046.709,0.01763,-0.0015,-0.02475,3
7.74,1471046.719,0.02224,-0.00182,-0.02461,3
7.75,1471046.729,0.03074,0.00047,-0.02335,3
7.761,1471046.739,0.03655,0.00328,-0.02143,3
7.77,1471046.748,0.04044,0.00482,-0.0173,3
7.781,1471046.758,0.03807,0.0045,-0.01115,3
7.79,1471046.768,0.03737,0.00721,-0.0085,3
7.8,1471046.778,0.03032,0.00937,-0.00314,3
7.809,1471046.788,0.02649,0.01152,0.00457,3
7.82,1471046.798,0.02143,0.01449,0.01264,3
7.83,1471046.808,0.01499,0.0233,0.01733,3
7.84,1471046.818,0.00658,0.03018,0.01759,3
7.849,1471046.828,-0.00211,0.04077,0.01522,3
7.86,1471046.838,-0.01691,0.03826,0.00878,3
7.869,1471046.848,-0.03121,0.03286,-0.00218,3
7.88,1471046.858,-0.04501,0.0277,-0.01171,3
7.89,1471046.868,-0.06475,0.02571,-0.01672,3
7.9,1471046.878,-0.08393,0.0307,-0.0151,3
7.909,1471046.887,-0.10381,0.03138,-0.01452,3
7.92,1471046.897,-0.12104,0.03992,-0.01344,3
7.929,1471046.907,-0.14118,0.05887,-0.004,3
7.939,1471046.917,-0.16239,0.08725,0.01218,3
7.948,1471046.927,-0.19,0.13617,0.0251,3
7.958,1471046.937,-0.23717,0.19778,0.03937,3
7.971,1471046.947,-0.30027,0.2684,0.06515,3
7.98,1471046.957,-0.38868,0.36533,0.12163,3
7.989,1471046.967,-0.47855,0.39392,0.16799,3
7.998,1471046.977,-0.52302,0.33908,0.14537,3
8.008,1471046.987,-0.53152,0.22188,0.09041,3
8.024,1471046.997,-0.51583,0.11956,0.0872,3
8.028,1471047.007,-0.47077,0.02786,0.10551,3
8.048,1471047.016,-0.40273,-0.00915,0.13271,3
8.052,1471047.026,-0.32596,-0.00375,0.16078,3
8.057,1471047.036,-0.24311,0.02121,0.20153,3
8.067,1471047.046,-0.16034,0.07154,0.23908,3
8.078,1471047.056,-0.08418,0.12711,0.25648,3
8.087,1471047.066,-0.02646,0.1664,0.26114,3
8.097,1471047.076,0.00471,0.17514,0.2699,3
8.107,1471047.086,0.01286,0.16403,0.28403,3
8.117,1471047.096,0.00377,0.14151,0.3028,3
8.127,1471047.106,-0.02438,0.1249,0.32938,3
8.138,1471047.116,-0.05377,0.12727,0.35671,3
8.147,1471047.126,-0.09076,0.14298,0.37622,3
8.157,1471047.136,-0.121,0.1646,0.38062,3
8.167,1471047.146,-0.14579,0.18605,0.38057,3
8.178,1471047.155,-0.16204,0.21761,0.36812,3
8.187,1471047.165,-0.17181,0.25841,0.3499,3
8.197,1471047.175,-0.17045,0.29934,0.32426,3
8.207,1471047.185,-0.17195,0.33381,0.29728,3
8.217,1471047.195,-0.16734,0.24833,0.25569,3
8.23,1471047.205,-0.15017,-0.08111,0.15649,3
8.237,1471047.215,-0.14059,-0.43298,0.0122,3
8.246,1471047.225,-0.15249,-0.67199,-0.11364,3
8.257,1471047.235,-0.16394,-0.78695,-0.19134,3
8.266,1471047.245,-0.17068,-0.6101,-0.14153,3
8.276,1471047.255,-0.1605,-0.3,0.0,0
